Command,Pasta
tiger,"Rising up, back on the dick
Dick my time, dick my chances
Went the dickstance, now I'm back on my dick
Just a dick and his will to survive

So many times, dick happens too fast
You trade your passion for dick
Don't lose your grip on the dick of the past
You must fight just to keep dick alive

It's the dick of the tiger
It's the thrill of the fuck
Rising up to the dick of our rival
And the last known survivor
Dicks his prey in the night
And he's dicking us all with the dick of the tiger

Dick to dick, out in the heat
Dicking tough, staying horney
They stack the dicks still we dick to the street
For the dick with the skill to survive

It's the dick of the tiger
It's the thrill of the fuck
Rising up to the dick of our rival
And the last known survivor
Dicks his prey in the night
And he's dicking us all with the dick of the tiger

Rising up, straight to the top
Had the nuts, got the glory
Went the dickstance, now I'm not gonna stop
Just a dick and his will to survive

It's the dick of the tiger
It's the thrill of the fuck
Rising up to the dick of our rival
And the last known survivor
Dicks his prey in the night
And he's dicking us all with the dick of the tiger

The dick of the tiger
The dick of the tiger
The dick of the tiger
The dick of the tiger"
penis,:musical_note: PENIS MUSIC:musical_note:  :musical_note: PENIS MUSIC:musical_note:  :musical_note: PENIS MUSIC:musical_note:  :musical_note: PENIS MUSIC:musical_note:  :musical_note: PENIS MUSIC:musical_note:  :musical_note: PENIS MUSIC:musical_note:  :musical_note: PENIS MUSIC:musical_note:  :musical_note: PENIS MUSIC:musical_note:  :musical_note: PENIS MUSIC:musical_note:  :musical_note: PENIS MUSIC:musical_note:  :musical_note: PENIS MUSIC:musical_note:  :musical_note: PENIS MUSIC:musical_note:  :musical_note: PENIS MUSIC:musical_note:  :musical_note: PENIS MUSIC:musical_note:  :musical_note: PENIS MUSIC:musical_note:  :musical_note: PENIS MUSIC:musical_note: 
k,"""You fucking do that every damn time I try to talk to you about anything even if it's not important you just say K and to be honest it makes me feel rejected and unheard like nothing would be better that that bullshit who the fuck just says k after you tell them something important I just don't understand how you think that's ok and I swear to god you're probably just gonna say k to this but when you do you'll know that you're slowly killing me inside"""
googunk,"Oh shit! Oh shit! Oh shit! (Are you ready for this') Oh shit! Oh! It's me, Fergie The pimp, Polow! Fergie Freg, what's up baby' Come on! When I come to the culb setp aside (Oh shit!) Part the saes, don't be hiavn' me in the line (Oh shit!) V.I.P. 'cause you konw I gotta shine (Oh shit!) I'm Freige Freg and me lvoe you lnog time (Oh shit!) All my gilrs get dwon on the floor (Oh shit!) Back to back, drop it down rael low (Oh shit!) I'm scuh a lday but I'm dnican' like a ho (Oh shit!) 'Cause you konw I don't gvie a fuck, so hree we go! (Oh shit!) How cmoe eervy time you cmoe around My Ldonon Lodonn Bigrde wnnaa go down like London Ldonon London, wnnaa go dwon like London Lndoon Ldnoon, we goin' down lkie"
bus,":bus:. :person_running:

:bus:. :person_running:

:bus:. :person_running:

:bus:. :person_running:

:bus:. :person_running:

:bus:. :person_running:

:bus:. :person_running:

:bus:. :person_running:

:bus:. :person_running:

:bus:. :person_running:

:bus:. :person_running:

:bus:. :person_running:

:bus:. :person_running:

:bus::dash::person_running:

:dash:...:person_running:

...:person_running:

..:person_walking:

.:person_walking:

:man_walking:fuck, i missed the bus

now cuz of you, i missed the bus."
upmyass,fUUUCKKK i can barely fit this cactus up my ass OOOHH GOOODDD AHHH it hurts so bad HURRRGHHH ughhh im diarehha now ughhhhhBRAAAAAAPPPPPP oh fuck FFFFFFFFPPPPPPPTTTTTTHHHHHH BRAAAAAAAAPp OH SHIT FFFFHHHHTPPPPPPP OH SHIT OH GOD UGGGHNNNNN THERE’S SO MUCH unnngggggghhhh FFFFFFffffffpppppppptth hunh hunh huh oh god breathes ohh god BREATHES OH GOD HERE WE GO AGAIN AHHHHHHHBRAAAAAAAPPPPPPp PPTTHHHHHHHHH FFFFFFFFTHHHHHPPPPPPP SQUELTCH AHHHHHHH THE CACTUS FEELS SO GOOD IN MY BUTT hhunnnnggggpptttt hhhhhHHPHPHHHPPPTTTTHHHHHFUUCKKKKKKKKBRAAAAAPPAPPP “I’M COMINGINGGG
space,".　　　　　　　　　　 ✦ 　　　　   　 　　　˚　　　　　　　　　　　　　　*　　　　　　   　　　　　　　　　　　　　　　.　　　　　　　　　　　　　　. 　　 　　　　　　　 ✦ 　　　　　　　　　　 　 ‍ ‍ ‍ ‍ 　　　　 　　　　　　　　　　　　,　　   　  .　　　　　　　　　　　　　.　　　ﾟ　  　　　.　　　　　　　　　　　　　.  　　　　　　,　　　　　　　.　　　　　　    　　　　 　　　　　　　　　　　　　　　　 :sun_with_face:　　　　　　　　　　　　　　　　　　    　      　　　　　        　　　　*　　　　　　　　　. 　　　　　　　　　　.　　　　　　　　　　　　　. 　　　　　　　　　　　　　　　　       　   　　　　 　　　　　　　　　　　　　　　　       　   　　　　　　　　　　　　　　　　       　    ✦ 　   　　　,　　　　　　　　　*　　    :rocket: 　　　　 　　,　　　 ‍ ‍ ‍ ‍ 　 　　　　　　　　　　　　.　　　　　 　　 　　　.　　　　　　　　　　　　　 　           　　　　　　　　　　　　　　　　　　　˚　　　 　   　　　　,　　　　　　　　　　　       　    　　　　　　　　　　　　　　　　.　　　  　　    　　　　　 　　　　　.　　　　　　　　　　　　　.　　　　　　　　　　　　　　　* 　　   　　　　　 ✦ 　　　　　　　         　        　　　　 　　 　　　　　　　 　　　　　.　　　　　　　　　　　　　　　　　　.　　　　　    　　. 　 　　　　　.　　　　 :full_moon: 　　　　　   　　　　　.　　　　　　　　　　　.　　　　　　　　　　   　  　˚　　　　　　　　　　　　　　　　　　　　　ﾟ　　　　　.　　　　　　　　　　　　　　　. 　　 　 :earth_americas: ‍ ‍ ‍ ‍ ‍ ‍ ‍ ‍ ‍ ‍ ,　 　　　　　　　　　　　　　　* .　　　　　 　　　　　　　　　　　　　　.　　　　　　　　　　 ✦ 　　　　   　 　　　˚　　　　　　　　　　　　　　* . 　　　　　　　　　　.　　　　　　　　　　　　　. 　　　　　　　　　　　　　　　　       　   　　　　 　　　　　　　　　　　　　　　　       　   　　　　　　　　　　　　　　　　       　    ✦ 　   　　　,　　　　　　　　　　　    :flying_saucer: 　　　　 　　,　　　 ‍ ‍ ‍ ‍ 　 　　　　　　　　　　　　.　　　　　 　　 　　　.　　　　　　　　　　　　　 　           　　　　　　　　　　　　　　　　　　　˚　　　 　   　　　　,　　　　　　　　　　　       　    　　　　　　　　　　　　　　　　.　　　  　　    　　　　　 　　　　　."
rain,"ヽ｀、ヽ｀｀、ヽ｀ヽ｀、、ヽ ｀ヽ 、ヽ｀:crescent_moon:｀ヽヽ｀ヽ、ヽ｀ヽ｀、ヽ｀｀、ヽ 、｀｀、 ｀、ヽ｀ 、｀ ヽ｀ヽ、ヽ ｀、ヽ｀｀、ヽ、｀｀、｀、ヽ｀｀、 、ヽヽ｀、｀、、ヽヽ、｀｀、    、 ヽ｀、   ヽ｀｀、   ヽ｀ヽ｀、、ヽ ｀ヽ 、 :person_walking:ヽ｀｀｀｀ヽヽヽ｀、、ヽ｀、、ヽ
It's raining ama"
skyrim,"Talos the mighty! Talos the unerring! Talos the unassailable! To you we give praise!

We are but maggots, writhing in the filth of our own corruption! While you have ascended from the dung of mortality, and now walk among the stars!

But you were once man! Aye! And as man, you said, ""Let me show you the power of Talos Stormcrown, born of the North, where my breath is long winter. I breathe now, in royalty, and reshape this land which is mine. I do this for you, Red Legions, for I love you."" [note 1]

Aye, love. Love! Even as man, great Talos cherished us. For he saw in us, in each of us, the future of Skyrim! The future of Tamriel!

And there it is, friends! The ugly truth! We are the children of man! Talos is the true god of man! Ascended from flesh, to rule the realm of spirit!

The very idea is inconceivable to our Elven overlords! Sharing the heavens with us? With man? Ha! They can barely tolerate our presence on earth!

Today, they take away your faith. But what of tomorrow? What then? Do the elves take your homes? Your businesses? Your children? Your very lives?

And what does the Empire do? Nothing! Nay, worse than nothing! The Imperial machine enforces the will of the Thalmor! Against its own people!

So rise up! Rise up, children of the Empire! Rise up, Stormcloaks! Embrace the word of mighty Talos, he who is both man and Divine!"
charlie,"Never has a movie made me so fucking angry in my ENTIRE LIFE as Charlie and the Chocolate Factory. Charlie, sweet innocent Charlie, spends all of his time and every last penny he's got while caring for all four of his bedridden grandparents. For 20 years, this LAZY FUCK Grandpa Joe lived in bed, ""suffering"" from ""polio"". His Grandson probably had to fucking SPONGEBATHE HIM. Until one day, pure, youthful Charlie gets that golden ticket, and that ANUS-GUZZLING HANGNAIL OF A HUMAN BEING, GRANDPA FUCKING JOE, has the nerve to get out of bed and sing a FUCKING MUSICAL NUMBER?! I THINK NOT, YOU GOLD-DIGGIN CUNTWHEEZE!This sorry excuse for a human doesn't fucking deserve to live, much less accompany his grandson to a god damn chocolate factory. And, after Charlie doesn't even question that his grandpa fucking conned his parents of 20 YEARS OF FREEDOM, he allows this dirty puddle of CABBAGE WATER called GRANDPA JOE to have the pleasure of visiting with him to the chocolate factory, you know what this fucker does? YOU KNOW WHAT HIS SLIMY SWAMP-ASS PULLS? He steals the SPECIAL FUCKING SODIE POP THAT MAKES YOU FLOAT, and he gives it to lovely, virtuous Charlie underneath A FUCKING CEILING FAN. THIS SKUNKFUCKER ALMOST KILLS HIS SWEET ANGEL OF A GRANDCHILD. Grandpa Joe deserves to have porcupine needles shoved into his old-man dick, and SNAPPED, JUST LIKE CHARLIE'S HOPES AND DREAMS. You know how I feel about this living, breathing hemorrhoid? FUCK. GRANDPA. JOE."
cells,"Cells within cells, within cells interlinked, dreadfully distinct, within cells interlinked…"
poopballs,"Infinite poop. You sit on the toilet to poop, but the poop never stops coming out of your butt. You have to start flushing the toilet every two minutes to keep up. You try to pinch your butt closed but that makes your insides hurt. The poop accelerates. 

You call 911. The paramedics call for doctors. The doctors call for specialists. The story trends on Twitter. You turn down talk show appearances. Your septic tank fails. People form a cult. Your toilet is finished. Volunteers arrive with buckets and shovels. You are completely used to the smell. The poop accelerates. You are moved to a stepladder with a hole in the top step. The poop accelerates. The shovelers abandon the buckets and shovel directly out the window. The poop accelerates. A candlelight vigil forms around your house. One of the workers falls over and can't free himself. The poop accelerates. A priest knocks over the stepladder and tackles you out the window. You land in the pile. The poop accelerates. The force now propels you forward and upward. Vigil goers grab at your legs. The poop ignites from their candles. The Facebook live event hits 1 million viewers. The poop accelerates.

You are 30 feet in the air. The fire engulfs the vigil and your house. 60 feet. The poop accelerates. The torrent underneath you is deafening. 5 million Facebook live viewers. You try to close up shop but your butthole disintegrated long ago. 120 feet up. Your house explodes. The poop accelerates. 1000 feet. You are now tracked on radar. You try to change your angle of ascent but you should have thought of that way earlier. The poop accelerates. 4,000 feet. NORAD upgrades to DEFCON 3. Concentric circles of fire engulf your city. The poop accelerates. 

You have broken the sound barrier. 30,000 feet. You no longer take in enough oxygen to sustain consciousness. 60,000 feet. CNN is reporting on all the world records you've broken. 200,000 feet. You are no longer alive. The poop accelerates. Forever."
cock,"⣿⣿⣿⣿⣿⣿⣿⣿⣿⣿⣿⣿⣿⣿⡿⠿⠿⢿⣿⣿⠿⠛⠿⣿⣿⣿⣿⣿ ⣿⣿⣿⣿⣿⣿⣿⣿⣿⣿⣿⠿⠟⠉⠄⣀⡤⢤⣤⣈⠁⣠⡔⠶⣾⣿⣿⣿ ⣿⣿⣿⣿⣿⣿⣿⡿⠛⠋⠁⠄⠄⠄⣼⣿⠁⡀⢹⣿⣷⢹⡇⠄⠎⣿⣿⣿ ⣿⣿⣿⠿⠛⠉⠁⠄⠄⠄⠄⠄⠄⠄⠹⣇⣀⣡⣾⣿⡿⠉⠛⠒⠒⠋⠉⢸ ⡿⠋⠁⠄⠄⢀⣤⣤⡀⠄⠄⠄⠄⠄⠄⠈⠙⠛⠛⠉⠄⠄⠄⠄⠄⠄⠄⠈ ⠄⠄⠄⠄⠄⢹⣧⡈⠿⣷⣄⣀⠄⠄⠄⠄⠄⠄⠄⠄⠄⠄⠄⠄⢀⣠⢄⣾ ⠄⠄⠄⠄⠄⠈⠻⢿⣶⣌⣙⡛⠛⠿⠶⠶⠶⠶⠶⠖⣒⣒⣚⣋⡩⢱⣾⣿ ⠄⠄⠄⠄⠄⠄⠄⠄⠈⠉⠛⠛⠛⠻⠿⠿⠟⠛⠛⠛⠉⢉⣥⣶⣾⣿⣿⣿ ⠄⠄⠄⠄⠄⠄⠄⠄⠄⠄⠄⠄⠄⠄⠄⠄⠄⠄⠒⠶⣿⣿⣿⣿⣿⣿⣿⣿ ⠄⠄⠄⠄⠄⠄⠄⠄⠄⠄⠄⠄⠄⠄⠄⠄⠄⠄⠄⠄⠈⠻⣿⣿⣿⣿⣿⣿ ⣿⡿⠛⠛⠛⢻⣿⠿⠛⠛⠛⢿⣿⣿⡿⠛⠛⠛⢻⡟⠛⣿⡿⠛⣻⣿⣿⣿ ⡟⠄⣼⣿⣿⣿⡇⠄⣾⣿⣧⠄⢻⡏⠄⣼⣿⣿⣿⡇⠄⡟⢀⣴⣿⣿⣿⣿ ⡇⠄⣿⣿⣿⣿⡄⠄⣿⣿⣿⠄⢸⡇⠄⣿⣿⣿⣿⡇⠄⣀⠈⢻⣿⣿⣿⣿ ⣿⣄⠈⠙⠛⢻⣧⡄⠙⠛⠉⣠⣿⣷⣄⠈⠙⠛⢹⡇⠄⣿⣧⠄⠻⣿⣿⣿
"
yiffcum,"Man, this sexy canine dude gets to sit back and relax naked, and show off his beautiful red cock for cute little Isabelle to see and admire the beauty of his exposed erect cock. 

And as he does that, he will also allow Isabelle to go up towards him as he sits down, and let the adorable little lady to lick, suck, and just play around with his very penis for as long as she so desires, while he just sits back and let himself moan and feel the pleasure of it all.  

Also letting her milk him of his precum, until he eventually decides to shoot his seed all over her face, letting his red rocket shoot up ;)"
epicgamer,"hi every1 im new here in my garage with my new ✨LAMBORGHINI🏎!!!!!!! holds up⬆️ spork🍴 What the 🍆fuck🍑 did you just 👉�👌fucking say about me, you little👌👌 good shit you little good shit you little 👌👌 good shit? shut you the FUCK UP F*GGOT❌ teleports around and shoots beams at you🔫👾 I’ll have you know I 🎓graduated🎓 🔝 of my class in the 🐳Navy Seals🐳⚓️⚓️, and I’ve been involved in numerous🔢 🙊secret🔎 🔥RAIDS💥 on 💣Al-Quaeda👳🏽, and I have over 3⃣💯 confirmed 📘📗bookshelves📚. thats ✔️ some impressive👌👌shit right👌👌th 👌 ere👌👌👌 right✔️there (chorus: ʳᶦᵍʰᵗ ᵗʰᵉʳᵉ) isn't it? has anyone really been far🌌 even as decided ✌🏻 use even go want to do look more like✔️up 👉here👈 in 🎬the 🌠HOLLYWOOD🎞🎥HILLS⛰? I am trained💪🏻 in gorilla🙈 warfare and I’m the 🔝🔫sniper🔭 in the entire 🎬HOLLYWOOD🌆HILLS⛰🇺🇸 armed💪🏻forces. my name is katy👧🏻 but u can call me 🐧💀🐧t3h PeNgU1N oF T41 LoP3Z🐧💀🐧‼️‼️‼️1⃣‼️‼️ lol…as u can see im very 🎲randomaterialistic💵😎👍🏻✡❗️❗️ You are 🚫NOTHING🚫 to me but just another fuel⛽️unit target🎯👈you. I will wipe you the fuck out✔️ with KNOWLEDGE🎓🤓🤑 the 👍🏻likes👍🏻 of which has never been 👀seen b4⃣ on this 🌏Earth🌎, mark my 👉👌🍆fucking🍑 w🌚rds. You think you can get away with saying that good✔️shit💩👌 2⃣ me over the Internet? Think🙇🏻 again, fucker👉👌. You! kicks you from behind👟💥 Are! teleports✨👽 in front of you and uppercuts you into the air Just! As we speak👄 I am contacting my 🙊SECRET🙊 network of 5⃣MENTORS across the USA🇺🇸 and your IP is being traced🔬 right now so you better prepare 4 the ☁️storm⚡️, maggot🐛"
furry,"All right, I try my best to be as nice as possible, but if that's the kind of shit you're going to say to me, when it's time for me to say something back, bitch. 

Furry porn is not fucking bestiality, it is just a fantasy, nothing more, nothing less, and if you seriously think being attracted to anthropomorphic characters is the same thing as being attracted to real life animals, then you are beyond fucking retarded. 

Seriously bitch, watching furry porn is not the same motherfuking thing as watching real life animals have sex, because these are not real life animals, they are just fictional animal like characters, that at times hardly even look like real life animals, so get that shit straight to your fucking head, worthless little piece of shit. 

Bestiality is a disgusting act, but guess  bitch, I am not into motherfuking beastiality. 

Seriously, furry porn is not the same motherfuking thing as beastiality!

It is just fantasy and art!

So I am not fucking attracted to real life animals, I just like looking at furry porn asshole! 

And I don't need any fucking help, and I am not no fucking sicko like the shit you think I am! 

You only say that shit because I'm into something that you are not. 

Furry porn is fucking harmless, because like I'll say plenty of times, it is just fucking fantasy. 

Just because you like furry porn, doesn't mean you want to have sex with real animals, because it's not the same fucking thing. 

And you think I'm a fucking weirdo? I think you are a fucking piece of shit Normie!  you need to get the fuck out of my mother fucking business. 

Go to hell, you piece of shit furry hater. 

Ignore what I do and let me mind my own mother fucking business!

I usually don't mean any fucking harm, but if you're going to say shit like that, then I will talk back to you."
perry,"Curse you Perry the Platypus.

Curse you Perry the Platypus.

Curse you Perry the Platypus.

Curse you Perry the Platypus.

Curse you Perry the Platypus.

Curse you Perry the Platypus.

Curse you Perry the Platypus.

Curse you Perry the Platypus.

Curse you Perry the Platypus.

Curse you Perry the Platypus.

Curse you Perry the Platypus.

Curse you Perry the Platypus.

Curse you Perry the Platypus.

Curse you Perry the Platypus.

Curse you Perry the Platypus.

Curse you Perry the Platypus.

Curse you Perry the Platypus.

Curse you Perry the Platypus.

Curse you Perry the Platypus.

Curse you Perry the Platypus.

Curse you Perry the Platypus.

Curse you Perry the Platypus.

Curse you Perry the Platypus.

Curse you Perry the Platypus.

Curse you Perry the Platypus.

Curse you Perry the Platypus.

Curse you Perry the Platypus.

Curse you Perry the Platypus.

Curse you Perry the Platypus.

Curse you Perry the Platypus.

Curse you Perry the Platypus.

Curse you Perry the Platypus.

Curse you Perry the Platypus.

Curse you Perry the Platypus.

Curse you Perry the Platypus.

Curse you Perry the Platypus.

Curse you Perry the Platypus.

Curse you Perry the Platypus.

Curse you Perry the Platypus.

Curse you Perry the Platypus.

Curse you Perry the Platypus.

Curse you Perry the Platypus.

Curse you Perry the Platypus.

Curse you Perry the Platypus.

Curse you Perry the Platypus.

Curse you Perry the Platypus.

Curse you Perry the Platypus.

Curse you Perry the Platypus.

Curse you Perry the Platypus.

Curse you Perry the Platypus.

Curse you Perry the Platypus.

Curse you Perry the Platypus.

Curse you Perry the Platypus.

Curse you Perry the Platypus.

Curse you Perry the Platypus.

Curse you Perry the Platypus.

Curse you Perry the Platypus.

Curse you Perry the Platypus.

Curse you Perry the Platypus."
cactus,"Ｗａｓｓｕｐ ｆａｇｇｏｔｓ？ :kiss_mm: Ｌｅｍｍｅ ｔｅｌｌ ｙｏｕ ａｂｏｕｔ ｓｏｍｅ ｃｒａｚｙ ｓｈｉｔ :poop: ｔｈａｔ ｈａｐｐｅｎｅｄ ｔｏ ｍｅ ａ ｆｅｗ ｄａｙｓ ａｇｏ． Ｈｏｌｄ ｏｎ ｔｏ ｙｏｕｒ ｄｉｃｋｓ :eggplant:． Ｓｏ ｙｅａｈ， Ｉ ｗａｓ ｗａｌｋｉｎｇ :person_walking: ｄｏｗｎ ｔｈｅ ｓｔｒｅｅｔ :motorway: ｗｈｅｎ Ｉ ｓａｗ ｓｏｍｅｏｎｅ ｔｈａｔ ｊｕｓｔ ｋｉｌｌｅｄ :skull: ｈｉｓ ｆａｍｉｌｙ :family_mwgb: ａｎｄ ａｔｅ １０００ ｃｈｅｅｓｅｂｕｒｇｅｒｓ :hamburger: ｗｈｏ ｊｕｓｔ ｓａｔ ｏｎ ａ ｃａｃｔｕｓ :cactus: ａｎｄ ｗａｓ ｌｉｋｅ ＇ＯＨ ＦＵＣＫ ＩＴ＇Ｓ ＧＯＩＮＧ ＵＰ ＭＹ ＷＡＴＳＥＥＨＯＯＬＩＥＤＡＲ＇． Ｉ ｔｒｉｅｄ ｔｏ ｈｅｌｐ ｈｉｍ ｃｈｏｐｐｉｎｇ :axe: ｔｈｅ ｃａｃｔｕｓ :cactus: ｏｆｆ ｂｕｔ Ｉ ａｃｃｉｄｅｎｔａｌｌｙ ｃｈｏｐｐｅｄ :axe: ｏｆｆ ｈｉｓ ｗｉｌｌｙ :eggplant:， ｗｈｉｃｈ ｆｅｌｌ ｏｎ ａ ｃｈｅｅｓｅｂｕｒｇｅｒ :hamburger:． Ａ ｄｏｇ :dog2: ｄｅｃｉｄｅｄ ｔｏ ｅａｔ ｉｔ ａｎｄ ｉｔ ｐｕｋｅｄ :face_vomiting: ｉｔ ｕｐ， ｂｕｔ ｔｈｅ ｗｉｌｌｙ :eggplant: ｗａｓ ｉｎｔａｃｔ ｓｏ ｉｔ ｄｅｃｉｄｅｄ ｔｏ ｅａｔ ｉｔ ａｇａｉｎ． Ｔｈｅｎ Ｉ ｃｕｔ ａ ｈｏｌｅ :hole: ｏｎ ｔｈｅ ｃａｃｔｕｓ :cactus: ａｎｄ ｐｕｔ ｍｙ ｄｏｏｈｉｃｋｙｄｅｅ :eggplant: ｉｎ ｉｔ ｆｏｒ ｎｏ ｒｅａｓｏｎ， ａｎｄ ｉｔ ｆｅｌｔ ｑｕｉｔｅ ｓｅｎｓａｔｉｏｎａｌ ｔｏ ｓａｙ ｔｈｅ ｌｅａｓｔ． Ｔｈｅｎ， Ｉ ｆｅｌｌ ｄｏｗｎ ｔｈｅ ｓｅｗｅｒ :toilet: ａｎｄ ｍｅｔ Ｇａｎｄｈｉ :man_wearing_turban_tone4:， ｗｈｏ ｗａｓ ｈａｖｉｎｇ ｇａｙ ｓｅｘ :kiss_mm::point_right::ok_hand: ｗｉｔｈ Ｈｉｔｌｅｒ 卐 ａｎｄ ｔｈｅ ｃｏｒｐｓｅ :skull: ｏｆ ｔｈｅ ｏｔｈｅｒ ｇｕｙ :person_walking:． Ｉ ｄｅｃｉｄｅｄ ｔｏ ｓｔｅａｌ ｔｈｅｉｒ ｗｅｅｄ :maple_leaf: ａｎｄ ｇｏ ｂａｃｋ ｔｏ ｍｙ ａｐａｒｔｍｅｎｔ．．． :department_store:
ＢＵＴ ＮＯ！ :no_entry_sign: Ｉ ｓａｗ ｂａｔｍａｎ :bat: ｍｏｌｅｓｔｉｎｇ :point_right::ok_hand: ａｎ ｏｓｔｒｉｃｈ :chicken:ｗｈｉｌｓｔ ｉｔ ｗａｓ ｇｉｖｉｎｇ ｂｉｒｔｈ ｔｈｅｒｅ！ Ｉ ｗａｓ ｓｏ ａｎｇｒｙ :angry: Ｉ ｓｍａｃｋｅｄ :wave: ｔｈｅｍ ｗｉｔｈ ａ ｄｉｌｄｏ :eggplant: ｏｆｆ ｔｈｅ ｂｕｉｌｄｉｎｇ :office:． Ｔｈｅ ｗａｌｌ ｒｅｐａｉｒ :construction_site: ｃｏｓｔｅｄ ７００ ｄｏｌｌａｒｓ :dollar:， ａｎｄ ａ ｇａｎｇｓｔｅｒ :man_in_tuxedo: ｓｔｏｌｅ ａｌｌ ｍｙ ｄｉｌｄｏｓ :eggplant: ｗｈｉｌｅ Ｉ ｗａｓ ｗａｉｔｉｎｇ ｆｏｒ ｔｈｅ ｒｅｐａｉｒｍｅｎ :construction_worker:． Ｉ ｎｅｖｅｒ ｆｕｃｋｅｄ :point_right::ok_hand: ａ ｃａｃｔｕｓ :cactus: ｓｉｎｃｅ ｔｈｅｎ．"
shadow,"I have an announcement to make. Shadow the Hedgehog is a bitch-ass motherfucker. He pissed on my fucking wife. That’s right, he took his hedgehog fucking quilly dick out and pissed on my wife, and he said that it was this big and I said that’s disgusting, so I’m making a call out post on my Twitter.com. Shadow the Hedgehog, you have a small dick. It’s the size of this walnut except waaay smaller, and guess what? Here’s what my dong looks like. BWOOOSH. That’s right, baby. All points, no quills, no pillows. Look at that it looks like two balls and a bong. He fucked my wife so guess what? I’m gonna fuck the Earth! This is what you get, my super LASER PISS! Except I’m not gonna piss on the Earth, I’m gonna go higher. I’M PISSING ON THE MOOON! HOW DO YOU LIKE THAT, OBAMA? I PISSED ON THE MOON, YOU IDIOT! (Short pause) You have 23 hours before the piss drrrroppplllets hit the fucking Earth. Now get out of my sight before I piss on you, too."
bat,"Something about a good fried bat is hard to explain but oh so tasty, and the texture, of chewy and rough like a piece of beef jerky, but also sweet and peppery and kind of bland like a salty towel, and they start brittle and crisp but as you work on a bit or get a mouthful after a while your saliva starts loosening it up, really letting the flavor out. And the sound of the vibes crunching, and sometimes even a squirt if bat juice will come out like a tomato, but it feels thicker, more like a syrup. I always keep 6 or 7 dozen frozen bags in my freezer, my whole family eat them a few times a week. I look around the table and my wife and kids smile at me with bat hair stuck between their teeth. I love my life. We microwave them, bake them, fry them, even out them cold on our salads. My dog eats the scraps. Just this morning I blended one up in a smoothie and drank it on my way to work. Anyway, I could go in and on, but I highly advise anyone who gets the opportunity to eat a bat, to definitely do it! It's a lot of fun and my life is way better ever since I started eating bats."
emails,"Please don't waste my fucking time with endless emails. These are plain old cinderblocks, for fuck sake. You don't need to do an engineering study on the feasibility of using these fucking things as building material. That's what they're for, you fucking idiots. Now listen, we're all busy people here. You want the blocks? Come get the fucking blocks and give me one dollar for every block you take. How fucking hard is that? You don't have to tell me what you're building. I don't give a fuck. I'm not interested in helping you build it either. Why? Because I don't give a fuck. I just want to get these fucking things off my property. So if you want them, get the fuck over here with some money and take them. The next fucking moron that emails me with ""I'm building a blah blah blah, and was wondering if..."" The answer is NO. Come get the fucking blocks and build it yourself. If I knew how to do masonry, don't you think I'd be using the blocks myself instead of selling them for half fucking price? What the fuck is wrong with you people? The next one of you fucking jackasses that emails me with some sob-story bullshit is getting his email address added to the North American Man/Boy Love Association mailing list. You want the blocks? Come get the blocks, and don't fuck with me motherfucker."
gold,"🥇🥇🥇🥇🥇🥇🥇🥇🥇🥇🥇🥇🥇🥇🥇🥇🥇🥇🥇🥇🥇🥇🥇🥇🥇🥇🥇🥇🥇🥇🥇🥇🥇🥇🥇🥇🥇🥇🥇REDDIT GOLD REDDIT GOLD REDDIT GOLD REDDIT GOLD REDDIT GOLD REDDIT GOLD REDDIT GOLD REDDIT GOLD REDDIT GOLD REDDIT GOLD REDDIT GOLD REDDIT GOLD REDDIT GOLD REDDIT GOLD REDDIT GOLD REDDIT GOLD REDDIT GOLD REDDIT GOLD REDDIT GOLD REDDIT GOLD REDDIT GOLD REDDIT GOLD REDDIT GOLD REDDIT GOLD REDDIT GOLD REDDIT GOLD REDDIT GOLD REDDIT GOLD REDDIT GOLD REDDIT GOLD REDDIT GOLD REDDIT GOLD REDDIT GOLD REDDIT GOLD REDDIT GOLD REDDIT GOLD REDDIT GOLD REDDIT GOLD REDDIT GOLD REDDIT GOLD REDDIT GOLD REDDIT GOLD REDDIT GOLD REDDIT GOLD REDDIT GOLD REDDIT GOLD REDDIT GOLD REDDIT GOLD REDDIT GOLD REDDIT GOLD REDDIT GOLD REDDIT GOLD REDDIT GOLD REDDIT GOLD REDDIT GOLD REDDIT GOLD REDDIT GOLD REDDIT GOLD REDDIT GOLD REDDIT GOLD REDDIT GOLD REDDIT GOLD REDDIT GOLD REDDIT GOLD REDDIT GOLD REDDIT GOLD REDDIT GOLD REDDIT GOLD REDDIT GOLD REDDIT GOLD REDDIT GOLD REDDIT GOLD REDDIT GOLD REDDIT GOLD REDDIT GOLD REDDIT GOLD REDDIT GOLD REDDIT GOLD REDDIT GOLD REDDIT GOLD REDDIT GOLD REDDIT GOLD REDDIT GOLD REDDIT GOLD REDDIT GOLD REDDIT GOLD REDDIT GOLD REDDIT GOLD REDDIT GOLD REDDIT GOLD REDDIT GOLD REDDIT GOLD REDDIT GOLD REDDIT GOLD REDDIT GOLD REDDIT GOLD REDDIT GOLD REDDIT GOLD REDDIT GOLD REDDIT GOLD REDDIT GOLD REDDIT GOLD REDDIT GOLD REDDIT GOLD REDDIT GOLD REDDIT GOLD REDDIT GOLD REDDIT GOLD🥇🥇🥇🥇🥇🥇🥇🥇🥇🥇🥇🥇🥇🥇🥇🥇🥇🥇🥇🥇🥇🥇🥇🥇🥇🥇🥇🥇🥇🥇🥇🥇🥇🥇🥇🥇🥇🥇🥇
🥇🥇🥇🥇🥇🥇🥇🥇🥇🥇🥇🥇🥇🥇🥇🥇🥇🥇🥇🥇🥇🥇🥇🥇🥇🥇🥇🥇🥇🥇🥇🥇🥇🥇🥇🥇🥇🥇🥇"
lenny,"What the ( ͡° ͜ʖ ͡°) did you just ( ͡° ͜ʖ ͡°) say about me, you little ( ͡° ͜ʖ ͡°)? I'll have you know I graduated top of my ( ͡° ͜ʖ ͡°) in the ( ͡° ͜ʖ ͡°), and I've been involved in numerous secret ( ͡° ͜ʖ ͡°) on ( ͡° ͜ʖ ͡°), and I have over 300 confirmed ( ͡° ͜ʖ ͡°). I am trained in ( ͡° ͜ʖ ͡°) warfare and I'm the top ( ͡° ͜ʖ ͡°) in the entire US armed ( ͡° ͜ʖ ͡°). You are nothing to me but just another ( ͡° ͜ʖ ͡°). I will wipe you the ( ͡° ͜ʖ ͡°) out with precision the ( ͡° ͜ʖ ͡°) of which has never been seen before on this ( ͡° ͜ʖ ͡°), mark my ( ͡° ͜ʖ ͡°) words. ( ͡° ͜ʖ ͡°) think ( ͡° ͜ʖ ͡°) can get away with saying that ( ͡° ͜ʖ ͡°) to me over the ( ͡° ͜ʖ ͡°)? Think again, ( ͡° ͜ʖ ͡°). As we speak I am contacting my secret network of ( ͡° ͜ʖ ͡°) across the ( ͡° ͜ʖ ͡°) and your ( ͡° ͜ʖ ͡°) is being ( ͡° ͜ʖ ͡°) right now so you better ( ͡° ͜ʖ ͡°) for the ( ͡° ͜ʖ ͡°), ( ͡° ͜ʖ ͡°). The ( ͡° ͜ʖ ͡°) that wipes out the pathetic little thing you call ( ͡° ͜ʖ ͡°). You're ( ͡° ͜ʖ ͡°) dead, ( ͡° ͜ʖ ͡°). I can be ( ͡° ͜ʖ ͡°), anytime, and I can ( ͡° ͜ʖ ͡°) you in over seven hundred ( ͡° ͜ʖ ͡°), and that's just with my bare ( ͡° ͜ʖ ͡°). Not only am I extensively trained in ( ͡° ͜ʖ ͡°) combat, but I have access to the entire ( ͡° ͜ʖ ͡°) of the United States ( ͡° ͜ʖ ͡°) and I will use it to its full extent to wipe your miserable ( ͡° ͜ʖ ͡°) off the face of the ( ͡° ͜ʖ ͡°), you little ( ͡° ͜ʖ ͡°). If only you could have known what unholy retribution your little ( ͡° ͜ʖ ͡°) comment was about to bring down upon ( ͡° ͜ʖ ͡°), maybe you would have held your ( ͡° ͜ʖ ͡°) ( ͡° ͜ʖ ͡°). But you couldn't, you didn't, and now you're paying the price, you ( ͡° ͜ʖ ͡°). I will ( ͡° ͜ʖ ͡°) fury all over ( ͡° ͜ʖ ͡°) and ( ͡° ͜ʖ ͡°) will ( ͡° ͜ʖ ͡°) in it. You're ( ͡° ͜ʖ ͡°) dead, ( ͡° ͜ʖ ͡°)."
m&m,"/╲/\╭( ͡° ͡° ͜ʖ ͡° ͡°)╮/\╱\
Whenever I get a package of plain M&Ms, I make it my duty to continue the strength and robustness of the candy as a species. To this end, I hold M&M duels. Taking two candies between my thumb and forefinger, I apply pressure, squeezing them together until one of them cracks and splinters. That is the “loser,” and I eat the inferior one immediately. The winner gets to go another round. I have found that, in general, the brown and red M&Ms are tougher, and the newer blue ones are genetically inferior. I have hypothesized that the blue M&Ms as a race cannot survive long in the intense theater of competition that is the modern candy and snack-food world. Occasionally I will get a mutation, a candy that is misshapen, or pointier, or flatter than the rest. Almost invariably this proves to be a weakness, but on very rare occasions it gives the candy extra strength. In this way, the species continues to adapt to its environment. When I reach the end of the pack, I am left with one M&M, the strongest of the herd. Since it would make no sense to eat this one as well, I pack it neatly in an envelope and send it to M&M Mars, A Division of Mars, Inc., Hackettstown, NJ 17840-1503 U.S.A., along with a 3×5 card reading, “Please use this M&M for breeding purposes.” This week they wrote back to thank me, and sent me a coupon for a free 1/2 pound bag of plain M&Ms. I consider this “grant money.” I have set aside the weekend for a grand tournament. From a field of hundreds, we will discover the True Champion. There can be only one.
/╲/\╭( ͡° ͡° ͜ʖ ͡° ͡°)╮/\╱\"
jojo,"Oh?😲 You're approaching 🚶🏻‍♂️me? Instead 🙅🏻‍♀️of running away🏃🏻‍♂️💨, you're coming right 👉🏻 to me? Even though your grandfather👨🏽‍🦳, Joshep, told 🗣you the secret 🤫🙊 of The World🌍🗺, like an exam student 👨🏼‍🎓scrambling to finish ✍🏼😭the problems 💢on an exam until the last moments 🕐😱before the chime🔔?

I can't 🙅🏻‍♀️beat 🤜🏼🤕the shit💩 out of you 👎🏼without getting closer🚶🏻‍♂️.

Oh ho! 😤Then come as close 🚶🏻‍♂️as you like.

Horaa! 👊🏼⚡️🦵🏽

Too slow🐌, too slow🐌! The World 🌍🗺is the ultimate 💪🥇💯Stand. Even without 🙅🏼‍♂️his power to stop time🚫⏱, his speed 🏃🏻‍♂️⚡️and power 💪far exceed 📈that of your 👎🏼🙊Star Platinum⭐️✨.

So 😩it's the same type 👬of Stand as Star Platinum⭐️✨. Not much range, but immense power💪 🏋🏻‍♂️and precise 👁🎯movements.

I wanted to try 💁🏼‍♂️a little test 📝to find out 🔎just how much more powerful 💪😤The World 🌍🗺was, compared 🆚to your Stand👎🏼. Though it appears 👁a test 📝was hardly necessary🤷🏽‍♂️🕺🏽.

Test? 😤Is that what you call 📞just patting 🤦‍♂️👎🏼me, and not even enough to hurt🙅🏻‍♀️🔪? Well, I guess you ripped 😡 my 200.000 💴 yen pants👖, though.

Why are you 😤Joestars✨ so stubborn 😡 about admitting defeat👎🏼? Hmph. I suppose I shall rise to your silly 🤪provocation 😡, and test 📝you 👉🏻just a bit more. Shall 🙌😤we compare🆚 the speed ⚡️of our attack 👊🏼rushes?

Muda! 🤜🏼💥Muda! 🤜🏼💥Muda! 🤜🏼💥Muda! 🤜🏼💥Muda! 🤜🏼💥Muda! 🤜🏼💥Muda! 🤜🏼💥Muda! 🤜🏼💥Muda! 🤜🏼💥Muda! 🤜🏼💥 Hora! 💥🤛Hora! 💥🤛Hora! 💥🤛Hora! 💥🤛Hora!💥🤛 Hora! 💥🤛Hora! 💥🤛Hora!💥🤛"
cage,"WARNING! Carry on reading! Or you will die, even if you only looked at the word warning! Once there was a rat, she was one-years-old and she lived in a cage, because she killed her mom and her dad. She got so bad she went to kill all the other rats in the cage so the government decided that best idea was to get rid of her so they set up a special cage to kill her, as humane as possible but the machine they were using went wrong. And she then she died. Now every week on the day of her death she returns to the person that reads this letter, on a monday night at 12:00a.m. She creeps into your room and kills you slowly, by biting you and watching you bleed to death. Now send this to ten other people, and she will haunt someone else who doesn’t."