Keyword,FilePath,Description
behold,Videos\power_of_god.mp4,BEHOLD! THE POWER OF GOD!
sexy,Videos\gilbert.mp4,HE IS SO SEXY
un un un,Videos\ununun.mp4,Un Un Un
gas,Videos\youme.mp4,"YOU, ME, GAS STATION"
a.,Videos\a.mp4,a.
kraut,Videos\kraut.mp4,"He likes to make walks, Ja?"
finger,Videos\finger.mp4,YOU GIVE SQUEEZE?
plunger,Videos\plunger.mp4,TIME TO GET PLUNGERED
pog,Videos\barbaraann.mov,POG CAT
nft,Videos\nft.mp4,WTF is NFT?
rock,Videos\rock_paper_scissors.mp4,This rock paper scissors make no sense…
amogus,Videos\amogus.mp4,Amogus
pie,Videos\pie.mp4,Pie is not easy Eric!
